name,regulate,free
EURO ZONE,57.26169660361363,42.73830339638637
NON EURO,49.437722419928825,50.57651245551601
EU27,55.544397667143016,44.45560233285698
Balkans CC,59.225863206509786,40.774136793490214